-0.0507827	-11.6935	7807.8	0.242	0.212893	903.436	49.814	68.8369	0.00875644
-0.0508062	-24.8591	7807.8	0.242	0.210259	903.408	49.8621	69.5175	0.039574
-0.0508383	-25.1377	7807.8	0.242	0.208991	903.351	50.0153	69.1977	0.0404662
-0.0508708	-25.4349	7807.8	0.242	0.206112	903.292	50.1206	69.0247	0.0414286
-0.0509037	-25.7658	7807.8	0.242	0.202829	903.233	50.1841	68.9097	0.0425135
-0.050937	-26.1171	7807.8	0.242	0.200584	903.173	50.2184	68.8024	0.0436809
-0.0509709	-26.4874	7807.8	0.242	0.198691	903.113	50.2744	68.6708	0.0449284
-0.0510051	-26.8711	7807.8	0.242	0.197182	903.051	50.2943	68.5859	0.0462395
-0.0510399	-27.2651	7807.8	0.242	0.196608	902.989	50.2205	68.634	0.0476053
-0.0510752	-27.6602	7807.8	0.242	0.196871	902.926	50.0609	68.7252	0.0489949
-0.0511111	-28.0559	7807.8	0.242	0.197346	902.861	49.9215	68.7977	0.0504068
-0.0511474	-28.4435	7807.8	0.242	0.19743	902.796	49.8256	68.8178	0.0518094
-0.0511842	-28.8344	7807.8	0.242	0.196832	902.73	49.7348	68.8232	0.0532432
-0.0512215	-29.2332	7807.8	0.242	0.196499	902.663	49.6388	68.8537	0.0547259
-0.0512593	-29.6268	7807.8	0.242	0.196666	902.596	49.5722	68.8462	0.0562098
-0.0512976	-30.0226	7807.8	0.242	0.196429	902.527	49.4883	68.862	0.0577216
-0.0513365	-30.4199	7807.8	0.242	0.196187	902.457	49.3776	68.9038	0.0592595
-0.0513758	-30.8224	7807.8	0.242	0.196064	902.387	49.2563	68.9556	0.0608378
-0.0514157	-31.2189	7807.8	0.242	0.196459	902.315	49.0913	69.0571	0.0624134
-0.0514561	-31.6141	7807.8	0.242	0.197007	902.243	48.8975	69.1783	0.0640034
-0.0514969	-31.9998	7807.8	0.242	0.197845	902.169	48.6919	69.3289	0.0655746
-0.0515383	-32.3765	7807.8	0.242	0.198755	902.095	48.4719	69.4805	0.0671274
-0.0515801	-32.744	7807.8	0.242	0.199826	902.02	48.2589	69.6238	0.0686601
-0.0516224	-33.1026	7807.8	0.242	0.200926	901.944	48.0761	69.7325	0.0701725
-0.0516651	-33.4509	7807.8	0.242	0.202038	901.868	47.9156	69.8165	0.0716567
-0.0517083	-33.7885	7807.8	0.242	0.203287	901.79	47.782	69.8799	0.0731103
-0.0517519	-34.116	7807.8	0.242	0.204478	901.712	47.6585	69.9212	0.0745343
-0.0517959	-34.4327	7807.8	0.242	0.205821	901.633	47.552	69.9674	0.0759247
-0.0518403	-34.7365	7807.8	0.242	0.206847	901.553	47.5027	69.9502	0.0772705
-0.0518851	-35.033	7807.8	0.242	0.207354	901.473	47.4938	69.8833	0.078595
-0.0519303	-35.3243	7807.8	0.242	0.207842	901.392	47.474	69.8208	0.0799076
-0.0519758	-35.6104	7807.8	0.242	0.208797	901.31	47.4095	69.8276	0.0812073
-0.0520217	-35.8845	7807.8	0.242	0.21005	901.228	47.368	69.8005	0.0824624
-0.0520679	-36.1461	7807.8	0.242	0.211586	901.145	47.3395	69.7652	0.0836689
-0.0521144	-36.394	7807.8	0.242	0.212811	901.061	47.3084	69.7336	0.0848204
-0.0521613	-36.632	7807.8	0.242	0.213985	900.977	47.269	69.6897	0.0859335
-0.0522084	-36.8629	7807.8	0.242	0.215532	900.892	47.1798	69.7468	0.0870202
-0.0522558	-37.0731	7807.8	0.242	0.217665	900.807	47.0389	69.8426	0.0880154
-0.0523035	-37.2622	7807.8	0.242	0.220708	900.721	46.8802	69.9316	0.0889157
-0.0523514	-37.4179	7807.8	0.242	0.224258	900.635	46.7661	69.9681	0.0896604
-0.0523995	-37.5455	7807.8	0.242	0.226888	900.549	46.6985	69.9672	0.090273
-0.0524477	-37.6501	7807.8	0.242	0.229346	900.462	46.6853	69.9129	0.0907767
-0.052496	-37.7363	7807.8	0.242	0.231532	900.375	46.6561	69.8574	0.0911925
-0.0525444	-37.8013	7807.8	0.242	0.233645	900.288	46.613	69.836	0.0915069
-0.0525928	-37.8478	7807.8	0.242	0.235552	900.201	46.5939	69.7819	0.0917324
-0.0526414	-37.8769	7807.8	0.242	0.237798	900.114	46.596	69.7027	0.0918733
-0.0526899	-37.8811	7807.8	0.242	0.240325	900.026	46.6059	69.6247	0.0918939
-0.0527384	-37.8659	7807.8	0.242	0.242422	899.939	46.6388	69.5091	0.0918201
-0.0527869	-37.8302	7807.8	0.242	0.244721	899.852	46.6346	69.449	0.0916471
-0.0528353	-37.7777	7807.8	0.242	0.246257	899.765	46.6308	69.3884	0.0913927
-0.0528836	-37.7121	7807.8	0.242	0.247584	899.678	46.6365	69.3213	0.0910759
-0.0529318	-37.6374	7807.8	0.242	0.249026	899.591	46.7274	69.1691	0.0907151
-0.05298	-37.5511	7807.8	0.242	0.251112	899.504	46.8444	68.9112	0.0902996
-0.053028	-37.4344	7807.8	0.242	0.25461	899.417	46.9077	68.7704	0.0897394
-0.0530758	-37.2892	7807.8	0.242	0.258015	899.331	46.9411	68.6581	0.0890446
-0.0531234	-37.1075	7807.8	0.242	0.261606	899.245	46.9487	68.5858	0.0881791
-0.0531707	-36.8975	7807.8	0.242	0.264556	899.16	46.9878	68.4751	0.0871835
-0.0532178	-36.6634	7807.8	0.242	0.266918	899.075	47.0448	68.3536	0.0860808
-0.0532645	-36.4113	7807.8	0.242	0.268702	898.991	47.1031	68.2376	0.084901
-0.0533109	-36.1461	7807.8	0.242	0.269955	898.907	47.1589	68.1234	0.0836687
-0.0533569	-35.8719	7807.8	0.242	0.270744	898.824	47.2191	67.9976	0.0824041
-0.0534026	-35.5924	7807.8	0.242	0.271346	898.742	47.2774	67.8824	0.0811251
-0.0534479	-35.3065	7807.8	0.242	0.272228	898.66	47.3585	67.737	0.079827
-0.0534929	-35.0091	7807.8	0.242	0.273584	898.579	47.41	67.6224	0.0784881
-0.0535374	-34.6996	7807.8	0.242	0.275191	898.498	47.4552	67.511	0.0771063
-0.0535815	-34.3758	7807.8	0.242	0.27677	898.419	47.4867	67.4199	0.0756742
-0.0536253	-34.0391	7807.8	0.242	0.277961	898.34	47.504	67.342	0.0741989
-0.0536685	-33.6944	7807.8	0.242	0.27884	898.262	47.5143	67.2696	0.0727036
-0.0537114	-33.3455	7807.8	0.242	0.279645	898.184	47.5037	67.222	0.071206
-0.0537537	-32.9881	7807.8	0.242	0.280552	898.108	47.4759	67.1877	0.0696875
-0.0537956	-32.619	7807.8	0.242	0.281758	898.032	47.4743	67.113	0.068137
-0.053837	-32.2392	7807.8	0.242	0.282851	897.957	47.4954	67.0335	0.0665596
-0.053878	-31.8547	7807.8	0.242	0.283561	897.883	47.519	66.9448	0.0649813
-0.0539184	-31.4605	7807.8	0.242	0.284471	897.81	47.5555	66.8281	0.0633828
-0.0539583	-31.0591	7807.8	0.242	0.28547	897.738	47.5921	66.7371	0.061776
-0.0539977	-30.6519	7807.8	0.242	0.285895	897.667	47.6159	66.6495	0.0601667
-0.0540366	-30.2392	7807.8	0.242	0.286712	897.597	47.6869	66.5206	0.0585573
-0.0540749	-29.8184	7807.8	0.242	0.287632	897.527	47.722	66.4258	0.0569389
-0.0541127	-29.3897	7807.8	0.242	0.288344	897.459	47.7243	66.363	0.0553136
-0.0541499	-28.9584	7807.8	0.242	0.289088	897.392	47.7235	66.3073	0.0537019
-0.0541866	-28.5193	7807.8	0.242	0.289722	897.325	47.72	66.252	0.0520859
-0.0542227	-28.0757	7807.8	0.242	0.290196	897.26	47.7002	66.2069	0.0504779
-0.0542582	-27.6245	7807.8	0.242	0.291304	897.196	47.6499	66.1977	0.0488688
-0.0542932	-27.1653	7807.8	0.242	0.293112	897.133	47.5889	66.2459	0.0472574
-0.0543275	-26.6849	7807.8	0.242	0.29512	897.07	47.574	66.2019	0.0456007
-0.0543612	-26.1883	7807.8	0.242	0.296646	897.009	47.5412	66.1791	0.0439193
-0.0543943	-25.6799	7807.8	0.242	0.297949	896.95	47.5091	66.1533	0.0422306
-0.0544267	-25.1605	7807.8	0.242	0.298943	896.891	47.4774	66.1278	0.0405396
-0.0544584	-24.6366	7807.8	0.242	0.29963	896.833	47.5085	66.0646	0.0388688
-0.0544895	-24.1058	7807.8	0.242	0.30006	896.777	47.6346	65.8565	0.037212
-0.0545198	-23.5759	7807.8	0.242	0.300249	896.722	47.7731	65.6632	0.035594
-0.0545495	-23.0435	7807.8	0.242	0.300389	896.668	47.9015	65.4733	0.0340046
-0.0545785	-22.5076	7807.8	0.242	0.300536	896.615	47.998	65.3173	0.0324416
-0.0546068	-21.9761	7807.8	0.242	0.300571	896.564	48.0769	65.1833	0.0309275
-0.0546345	-21.4414	7807.8	0.242	0.300921	896.514	48.1285	65.0733	0.0294408
-0.0546614	-20.9001	7807.8	0.242	0.301828	896.465	48.147	64.9941	0.027973
-0.0546877	-20.3492	7807.8	0.242	0.302699	896.417	48.1225	64.9657	0.0265177
-0.0547132	-19.7918	7807.8	0.242	0.303461	896.371	48.0788	64.9449	0.0250849
-0.054738	-19.2306	7807.8	0.242	0.30383	896.326	48.0202	64.9401	0.0236824
-0.0547621	-18.6648	7807.8	0.242	0.304306	896.282	47.9432	64.9561	0.0223094
-0.0547855	-18.1018	7807.8	0.242	0.304343	896.239	47.8774	64.9747	0.0209837
-0.0548081	-17.5347	7807.8	0.242	0.304397	896.198	47.8817	64.8901	0.0196896
-0.05483	-16.9618	7807.8	0.242	0.305687	896.158	47.9276	64.7824	0.0184241
-0.0548512	-16.3759	7807.8	0.242	0.307247	896.12	47.9384	64.7099	0.0171732
-0.0548716	-15.7783	7807.8	0.242	0.308645	896.082	47.9285	64.6592	0.0159427
-0.0548912	-15.1693	7807.8	0.242	0.310132	896.046	47.9166	64.6081	0.0147358
-0.05491	-14.5467	7807.8	0.242	0.311487	896.012	47.8795	64.5802	0.013551
-0.0549281	-13.9149	7807.8	0.242	0.312439	895.979	47.8116	64.5827	0.0123994
-0.0549453	-13.2753	7807.8	0.242	0.313062	895.947	47.7359	64.5886	0.0112857
-0.0549617	-12.6281	7807.8	0.242	0.314075	895.917	47.6782	64.5843	0.0102121
-0.0549772	-11.9748	7807.8	0.242	0.31495	895.889	47.5836	64.6139	0.0091829
-0.0549919	-11.314	7807.8	0.242	0.315381	895.862	47.4621	64.6709	0.00819738
-0.0550058	-10.6525	7807.8	0.242	0.315406	895.836	47.3341	64.7364	0.0072668
-0.0550188	-9.99085	7807.8	0.242	0.315353	895.812	47.2038	64.8071	0.00639213
-0.0550309	-9.33052	7807.8	0.242	0.315297	895.789	47.0955	64.8468	0.00557511
-0.0550423	-8.66915	7807.8	0.242	0.315372	895.768	46.9941	64.8861	0.00481277
-0.0550527	-8.01003	7807.8	0.242	0.315033	895.749	46.8628	64.9589	0.00410875
-0.0550624	-7.35781	7807.8	0.242	0.314382	895.731	46.7158	65.029	0.00346688
-0.0550712	-6.71002	7807.8	0.242	0.313646	895.714	46.5718	65.1019	0.00288329
-0.0550791	-6.07097	7807.8	0.242	0.312646	895.699	46.4548	65.1442	0.00236024
-0.0550863	-5.44453	7807.8	0.242	0.311473	895.686	46.3534	65.1815	0.00189829
-0.0550927	-4.82626	7807.8	0.242	0.310166	895.674	46.2786	65.1789	0.00149164
-0.0550983	-4.2243	7807.8	0.242	0.308294	895.663	46.1706	65.2088	0.00114275
-0.0551031	-3.64384	7807.8	0.242	0.306155	895.654	46.0352	65.2942	0.000850277
-0.0551073	-3.081	7807.8	0.242	0.304606	895.646	45.9389	65.3401	0.000607889
-0.0551107	-2.52272	7807.8	0.242	0.304096	895.639	45.8765	65.3246	0.000407549
-0.0551134	-1.9677	7807.8	0.242	0.303958	895.633	45.7816	65.3324	0.000247947
-0.0551154	-1.41732	7807.8	0.242	0.303788	895.629	45.6116	65.4457	0.000128641
-0.0551167	-0.870716	7807.8	0.242	0.303548	895.626	45.4278	65.5806	4.85506e-05
-0.0551172	-0.324415	7807.8	0.242	0.30294	895.624	45.2571	65.6786	6.73972e-06
-0.0551171	0.216196	7807.8	0.242	0.302199	895.624	45.1386	65.7027	2.9932e-06
-0.0551163	0.750567	7807.8	0.242	0.301424	895.625	45.059	65.6856	3.60761e-05
-0.0551149	1.27105	7807.8	0.242	0.300058	895.627	45.0238	65.6445	0.000103458
-0.0551128	1.77785	7807.8	0.242	0.298483	895.63	45.0177	65.5413	0.00020241
-0.05511	2.27804	7807.8	0.242	0.297644	895.634	44.9582	65.5213	0.000332325
-0.0551066	2.77145	7807.8	0.242	0.29703	895.64	44.9282	65.4742	0.000491875
-0.0551026	3.25737	7807.8	0.242	0.296244	895.647	44.8823	65.4351	0.000679479
-0.055098	3.73754	7807.8	0.242	0.295429	895.654	44.8314	65.4031	0.000894568
-0.0550927	4.20739	7807.8	0.242	0.294098	895.663	44.7729	65.3846	0.00113362
-0.0550869	4.66254	7807.8	0.242	0.292465	895.673	44.7266	65.3535	0.00139215
-0.0550805	5.10386	7807.8	0.242	0.291045	895.684	44.6518	65.3608	0.00166816
-0.0550735	5.53501	7807.8	0.242	0.290107	895.696	44.5616	65.3725	0.0019619
-0.055066	5.95607	7807.8	0.242	0.289111	895.709	44.4745	65.3818	0.00227175
-0.055058	6.36737	7807.8	0.242	0.288037	895.723	44.3848	65.3774	0.00259634
-0.0550495	6.76908	7807.8	0.242	0.286773	895.738	44.2886	65.3926	0.00293427
-0.0550404	7.15724	7807.8	0.242	0.284873	895.754	44.1982	65.4058	0.00328044
-0.0550309	7.52567	7807.8	0.242	0.282633	895.77	44.1384	65.3779	0.00362687
-0.0550209	7.87308	7807.8	0.242	0.280057	895.788	44.0755	65.3613	0.00396945
-0.0550105	8.20859	7807.8	0.242	0.279946	895.806	44.0224	65.4403	0.00431498
-0.0549998	8.33886	7807.8	0.242	0.277555	895.825	43.9652	65.6569	0.00445303
-0.0549888	8.64367	7807.8	0.242	0.275993	895.844	43.9911	65.5978	0.00478451
-0.0549775	8.93872	7807.8	0.242	0.274991	895.864	43.9539	65.5566	0.00511672
-0.0549657	9.22268	7807.8	0.242	0.274097	895.885	43.9154	65.5118	0.00544698
-0.0549537	9.49433	7807.8	0.242	0.271731	895.906	43.9277	65.4263	0.00577257
-0.0549413	9.74283	7807.8	0.242	0.268904	895.928	44.0051	65.1901	0.00607871
-0.0549286	9.97119	7807.8	0.242	0.268186	895.951	43.9306	65.2273	0.00636701
-0.0549156	10.2006	7807.8	0.242	0.268317	895.974	43.9439	65.1349	0.00666336
-0.0549023	10.426	7807.8	0.242	0.267542	895.997	43.9729	65.0261	0.00696112
-0.0548887	10.6451	7807.8	0.242	0.266816	896.021	44.0238	64.8931	0.00725672
-0.0548749	10.8532	7807.8	0.242	0.265514	896.046	44.1071	64.7263	0.00754319
-0.0548608	11.0518	7807.8	0.242	0.264183	896.071	44.1853	64.5714	0.00782178
-0.0548464	11.2377	7807.8	0.242	0.262855	896.096	44.2592	64.417	0.00808718
-0.0548319	11.4121	7807.8	0.242	0.261511	896.122	44.3486	64.2445	0.00834014
-0.0548171	11.5736	7807.8	0.242	0.260091	896.149	44.4276	64.0875	0.00857784
-0.0548021	11.7194	7807.8	0.242	0.258454	896.175	44.5212	63.9134	0.00879527
-0.054787	11.8526	7807.8	0.242	0.256727	896.202	44.6599	63.6904	0.00899639
-0.0547717	11.9649	7807.8	0.242	0.254985	896.23	44.8022	63.4562	0.00916768
-0.0547563	12.0682	7807.8	0.242	0.253643	896.257	44.9239	63.2525	0.00932672
-0.0547407	12.1606	7807.8	0.242	0.252679	896.285	44.9878	63.1059	0.00946997
-0.0547251	12.2442	7807.8	0.242	0.251609	896.313	45.0306	62.9811	0.00960066
-0.0547093	12.3188	7807.8	0.242	0.251592	896.341	45.1379	62.8011	0.00971796
-0.0546934	12.3964	7807.8	0.242	0.251702	896.369	45.2709	62.582	0.00984079
-0.0546775	12.4752	7807.8	0.242	0.251556	896.398	45.3804	62.392	0.00996641
-0.0546614	12.5508	7807.8	0.242	0.250865	896.427	45.4322	62.2654	0.0100874
-0.0546453	12.6156	7807.8	0.242	0.249725	896.455	45.4336	62.1772	0.010192
-0.0546291	12.6734	7807.8	0.242	0.248833	896.484	45.4548	62.0751	0.0102856
-0.0546128	12.7287	7807.8	0.242	0.24926	896.514	45.4626	62.0064	0.0103755
-0.0545964	12.7879	7807.8	0.242	0.25051	896.543	45.4338	61.988	0.0104723
-0.05458	12.8633	7807.8	0.242	0.251929	896.572	45.4787	61.8632	0.0105961
-0.0545634	12.947	7807.8	0.242	0.252586	896.602	45.5876	61.6841	0.0107344
-0.0545468	13.0366	7807.8	0.242	0.252788	896.632	45.691	61.5104	0.0108835
-0.05453	13.1233	7807.8	0.242	0.252157	896.662	45.7747	61.3511	0.0110289
-0.0545131	13.2046	7807.8	0.242	0.251569	896.692	45.8882	61.158	0.0111659
-0.0544961	13.2787	7807.8	0.242	0.250961	896.722	46.0159	60.9571	0.0112915
-0.054479	13.3473	7807.8	0.242	0.250454	896.753	46.1344	60.7768	0.0114085
-0.0544619	13.4126	7807.8	0.242	0.249637	896.783	46.2426	60.5986	0.0115203
-0.0544446	13.4664	7807.8	0.242	0.248397	896.814	46.3742	60.3914	0.0116131
-0.0544273	13.5096	7807.8	0.242	0.247598	896.845	46.5387	60.1792	0.0116876
-0.05441	13.5492	7807.8	0.242	0.246774	896.876	46.6847	59.9633	0.0117563
-0.0543926	13.58	7807.8	0.242	0.245773	896.907	46.7758	59.8002	0.0118097
-0.0543752	13.6006	7807.8	0.242	0.24457	896.939	46.8071	59.701	0.0118456
-0.0543577	13.6132	7807.8	0.242	0.24392	896.97	46.7753	59.6671	0.0118676
-0.0543403	13.6244	7807.8	0.242	0.244197	897.001	46.6847	59.7182	0.0118871
-0.0543228	13.6372	7807.8	0.242	0.244675	897.033	46.6052	59.7257	0.0119095
-0.0543054	13.6542	7807.8	0.242	0.244873	897.064	46.533	59.731	0.0119392
-0.0542878	13.6722	7807.8	0.242	0.244732	897.095	46.4687	59.7146	0.0119706
-0.0542703	13.6863	7807.8	0.242	0.244568	897.127	46.3861	59.7213	0.0119954
-0.0542528	13.7023	7807.8	0.242	0.244518	897.158	46.2903	59.7332	0.0120234
-0.0542352	13.7172	7807.8	0.242	0.24435	897.19	46.1902	59.767	0.0120496
-0.0542176	13.7251	7807.8	0.242	0.2441	897.221	46.0917	59.8013	0.0120635
-0.0542	13.7379	7807.8	0.242	0.244155	897.253	46.0152	59.8104	0.0120859
-0.0541824	13.7472	7807.8	0.242	0.243499	897.284	45.9291	59.8309	0.0121023
-0.0541648	13.7508	7807.8	0.242	0.242819	897.316	45.8745	59.8269	0.0121087
-0.0541472	13.7457	7807.8	0.242	0.241668	897.348	45.8339	59.8037	0.0120997
-0.0541296	13.7283	7807.8	0.242	0.240392	897.379	45.7921	59.7772	0.0120691
-0.054112	13.7049	7807.8	0.242	0.23996	897.411	45.7332	59.7672	0.0120279
-0.0540945	13.6794	7807.8	0.242	0.239993	897.442	45.6595	59.7755	0.0119833
-0.054077	13.6535	7807.8	0.242	0.240389	897.474	45.5688	59.7929	0.0119379
-0.0540595	13.6344	7807.8	0.242	0.240875	897.505	45.4593	59.8371	0.0119046
-0.0540421	13.6194	7807.8	0.242	0.24109	897.536	45.3629	59.865	0.0118784
-0.0540247	13.6012	7807.8	0.242	0.240596	897.568	45.267	59.9004	0.0118467
-0.0540073	13.5752	7807.8	0.242	0.240099	897.599	45.1832	59.916	0.0118015
-0.0539899	13.5482	7807.8	0.242	0.239226	897.63	45.0924	59.9436	0.0117546
-0.0539726	13.5098	7807.8	0.242	0.237642	897.661	45.0415	59.9181	0.011688
-0.0539553	13.4557	7807.8	0.242	0.23619	897.692	45.0025	59.8901	0.0115946
-0.0539382	13.3873	7807.8	0.242	0.234504	897.723	44.9847	59.836	0.0114769
-0.0539211	13.3068	7807.8	0.242	0.234049	897.754	44.9578	59.8019	0.0113394
-0.0539041	13.2295	7807.8	0.242	0.234657	897.785	44.8744	59.8211	0.0112081
-0.0538872	13.1591	7807.8	0.242	0.235114	897.815	44.7045	59.9283	0.011089
-0.0538704	13.0863	7807.8	0.242	0.234563	897.845	44.6077	59.9502	0.0109666
-0.0538538	13.0122	7807.8	0.242	0.234467	897.875	44.5717	59.9165	0.0108428
-0.0538372	12.9348	7807.8	0.242	0.234552	897.905	44.5196	59.9458	0.0107143
-0.0538207	12.8673	7807.8	0.242	0.236044	897.935	44.4788	59.9447	0.0106028
-0.0538042	12.8109	7807.8	0.242	0.237286	897.964	44.5139	59.8335	0.0105099
-0.0537879	12.7567	7807.8	0.242	0.236798	897.994	44.5192	59.7902	0.0104212
-0.0537716	12.6972	7807.8	0.242	0.23728	898.023	44.6068	59.6468	0.0103242
-0.0537554	12.6538	7807.8	0.242	0.238533	898.052	44.7978	59.3769	0.0102538
-0.0537392	12.6182	7807.8	0.242	0.238971	898.081	44.9641	59.1418	0.0101962
-0.0537231	12.5841	7807.8	0.242	0.239055	898.11	45.065	58.9717	0.010141
-0.053707	12.5324	7807.8	0.242	0.238882	898.139	45.075	58.9534	0.010058
-0.053691	12.4899	7807.8	0.242	0.239034	898.168	45.1172	58.8113	0.00998987
-0.053675	12.4572	7807.8	0.242	0.239271	898.197	45.1435	58.7329	0.00993768
-0.0536591	12.423	7807.8	0.242	0.239962	898.226	45.2311	58.5652	0.00988314
-0.0536432	12.3982	7807.8	0.242	0.240002	898.254	45.2952	58.4328	0.00984374
-0.0536273	12.3698	7807.8	0.242	0.23886	898.283	45.2898	58.3774	0.00979863
-0.0536115	12.3314	7807.8	0.242	0.237859	898.311	45.2935	58.3151	0.00973792
-0.0535958	12.2867	7807.8	0.242	0.23801	898.339	45.3008	58.2473	0.00966738
-0.0535801	12.2446	7807.8	0.242	0.23801	898.368	45.2741	58.211	0.00960131
-0.0535644	12.2028	7807.8	0.242	0.237883	898.396	45.2345	58.1898	0.00953592
-0.0535488	12.1596	7807.8	0.242	0.237926	898.424	45.2174	58.1413	0.00946848
-0.0535333	12.1191	7807.8	0.242	0.2382	898.452	45.1893	58.1109	0.00940553
-0.0535178	12.08	7807.8	0.242	0.238227	898.48	45.1259	58.1228	0.00934491
-0.0535024	12.0398	7807.8	0.242	0.238057	898.508	45.0546	58.1301	0.00928286
-0.053487	11.9975	7807.8	0.242	0.237645	898.535	44.973	58.1489	0.00921773
-0.0534717	11.9511	7807.8	0.242	0.237171	898.563	44.8628	58.2021	0.00914659
-0.0534564	11.8972	7807.8	0.242	0.236554	898.59	44.728	58.2769	0.0090643
-0.0534412	11.8388	7807.8	0.242	0.235742	898.618	44.5722	58.3717	0.00897542
-0.0534261	11.7718	7807.8	0.242	0.234649	898.645	44.4235	58.4606	0.00887409
-0.0534111	11.6929	7807.8	0.242	0.233116	898.672	44.3066	58.5171	0.0087556
-0.0533962	11.5995	7807.8	0.242	0.231691	898.699	44.2109	58.5524	0.00861635
-0.0533815	11.4946	7807.8	0.242	0.230512	898.725	44.1681	58.5335	0.00846118
-0.0533669	11.3816	7807.8	0.242	0.230008	898.752	44.1508	58.4974	0.00829558
-0.0533524	11.2687	7807.8	0.242	0.230255	898.778	44.1475	58.4569	0.00813185
-0.0533381	11.1591	7807.8	0.242	0.230963	898.804	44.136	58.4094	0.00797445
-0.0533239	11.0577	7807.8	0.242	0.231987	898.83	44.1302	58.3475	0.00783014
-0.0533098	10.9641	7807.8	0.242	0.232665	898.855	44.1113	58.3078	0.0076981
-0.0532958	10.875	7807.8	0.242	0.232907	898.88	44.0912	58.2623	0.00757352
-0.053282	10.7865	7807.8	0.242	0.23264	898.905	44.0605	58.2284	0.00745078
-0.0532683	10.6946	7807.8	0.242	0.232052	898.93	44.0024	58.2242	0.00732442
-0.0532547	10.5941	7807.8	0.242	0.230995	898.954	43.9398	58.2277	0.00718733
-0.0532412	10.4841	7807.8	0.242	0.229786	898.979	43.8753	58.2286	0.00703892
-0.0532279	10.3623	7807.8	0.242	0.228361	899.003	43.8026	58.239	0.00687634
-0.0532147	10.2287	7807.8	0.242	0.226993	899.027	43.7278	58.2689	0.00670016
-0.0532018	10.0809	7807.8	0.242	0.225642	899.05	43.6529	58.2848	0.00650787
-0.053189	9.92346	7807.8	0.242	0.224338	899.073	43.5915	58.2938	0.0063062
-0.0531765	9.75111	7807.8	0.242	0.223348	899.096	43.5494	58.2577	0.00608905
-0.0531641	9.57577	7807.8	0.242	0.222575	899.118	43.5106	58.237	0.00587204
-0.053152	9.39177	7807.8	0.242	0.221461	899.14	43.4936	58.1955	0.00564854
-0.0531402	9.19613	7807.8	0.242	0.220564	899.162	43.4938	58.1292	0.00541566
-0.0531286	8.99922	7807.8	0.242	0.220707	899.183	43.4418	58.1142	0.00518622
-0.0531173	8.8031	7807.8	0.242	0.22095	899.204	43.3843	58.1067	0.00496264
-0.0531062	8.61108	7807.8	0.242	0.221352	899.224	43.3279	58.1037	0.0047485
-0.0530953	8.42216	7807.8	0.242	0.221747	899.243	43.2655	58.1172	0.00454244
-0.0530847	8.23691	7807.8	0.242	0.22218	899.263	43.2158	58.1071	0.0043448
-0.0530743	8.05319	7807.8	0.242	0.222456	899.282	43.1938	58.0719	0.00415315
-0.0530642	7.87307	7807.8	0.242	0.222766	899.3	43.1861	58.0076	0.00396944
-0.0530543	7.69903	7807.8	0.242	0.223551	899.318	43.1269	58.0127	0.00379589
-0.0530446	7.53286	7807.8	0.242	0.224454	899.336	43.0546	58.0243	0.0036338
-0.0530351	7.37582	7807.8	0.242	0.225327	899.353	42.9765	58.0387	0.00348387
-0.0530258	7.2263	7807.8	0.242	0.226312	899.37	42.8774	58.0752	0.00334405
-0.0530167	7.08062	7807.8	0.242	0.22749	899.387	42.752	58.1508	0.00321058
-0.0530077	6.95173	7807.8	0.242	0.228771	899.403	42.6716	58.1721	0.00309476
-0.0529989	6.82715	7807.8	0.242	0.2294	899.419	42.5875	58.215	0.00298483
-0.0529903	6.71655	7807.8	0.242	0.231265	899.434	42.5769	58.1751	0.00288891
-0.052982	6.26952	7807.8	0.242	0.233278	899.45	42.3993	59.0355	0.00251715
-0.0529741	6.19265	7807.8	0.242	0.234406	899.464	42.2688	59.1085	0.00245581
-0.0529662	6.12365	7807.8	0.242	0.235321	899.478	42.1823	59.127	0.00240139
-0.0529584	6.05936	7807.8	0.242	0.236191	899.492	42.0773	59.166	0.00235123
-0.0529507	6.00641	7807.8	0.242	0.236889	899.506	41.9634	59.2242	0.00231032
-0.0529431	5.95911	7807.8	0.242	0.2375	899.52	41.8572	59.2702	0.00227407
-0.0529355	5.91643	7807.8	0.242	0.237869	899.534	41.7391	59.3228	0.00224161
-0.0529279	5.877	7807.8	0.242	0.237953	899.548	41.625	59.3739	0.00221183
-0.0529204	5.83685	7807.8	0.242	0.23784	899.561	41.5282	59.4108	0.00218172
-0.052913	5.79776	7807.8	0.242	0.238441	899.574	41.431	59.4658	0.00215259
-0.0529056	5.76959	7807.8	0.242	0.239951	899.588	41.3225	59.5177	0.00213173
-0.0528982	5.75455	7807.8	0.242	0.241514	899.601	41.2149	59.5596	0.00212063
-0.0528909	5.75224	7807.8	0.242	0.242711	899.614	41.1194	59.5914	0.00211892
-0.0528835	5.76142	7807.8	0.242	0.244284	899.628	41.048	59.6	0.0021257
-0.0528761	5.7848	7807.8	0.242	0.245684	899.641	41.0011	59.5826	0.00214298
-0.0528686	5.82166	7807.8	0.242	0.247128	899.654	40.9456	59.5898	0.00217038
-0.0528611	5.86894	7807.8	0.242	0.248519	899.668	40.8913	59.5814	0.00220577
-0.0528536	5.92737	7807.8	0.242	0.249916	899.681	40.8483	59.5639	0.00224991
-0.0528459	6.00221	7807.8	0.242	0.251595	899.695	40.8296	59.5141	0.00230709
-0.0528381	6.09297	7807.8	0.242	0.25325	899.709	40.8079	59.475	0.00237738
-0.0528302	6.19705	7807.8	0.242	0.254696	899.723	40.7852	59.4308	0.0024593
-0.0528222	6.3133	7807.8	0.242	0.255979	899.737	40.7534	59.396	0.00255243
-0.052814	6.43946	7807.8	0.242	0.25673	899.752	40.7253	59.3587	0.00265546
-0.0528056	6.57197	7807.8	0.242	0.257572	899.767	40.7134	59.2987	0.00276587
-0.052797	6.71065	7807.8	0.242	0.258461	899.782	40.6871	59.2614	0.00288384
-0.0527883	6.85391	7807.8	0.242	0.25894	899.798	40.6795	59.2222	0.00300828
-0.0527794	7.00466	7807.8	0.242	0.259371	899.814	40.7477	59.0849	0.00314207
-0.0527703	7.15816	7807.8	0.242	0.259679	899.83	40.8281	58.934	0.00328129
-0.052761	7.31569	7807.8	0.242	0.260249	899.846	40.8523	58.844	0.00342729
-0.0527514	7.4806	7807.8	0.242	0.261156	899.863	40.8103	58.8273	0.00358356
-0.0527417	7.65017	7807.8	0.242	0.262069	899.881	40.7634	58.8143	0.00374786
-0.0527317	7.82909	7807.8	0.242	0.262782	899.898	40.7643	58.7429	0.00392522
-0.0527215	8.01269	7807.8	0.242	0.263042	899.917	40.7955	58.6451	0.00411148
-0.0527111	8.20135	7807.8	0.242	0.264081	899.935	40.8627	58.5089	0.00430737
-0.0527004	8.40233	7807.8	0.242	0.265448	899.954	40.8949	58.419	0.00452106
-0.0526894	8.61609	7807.8	0.242	0.266993	899.974	40.9208	58.296	0.00475403
-0.0526781	8.84114	7807.8	0.242	0.26798	899.994	40.9287	58.223	0.00500562
-0.0526666	9.071	7807.8	0.242	0.268007	900.014	40.8742	58.2099	0.00526928
-0.0526548	9.29964	7807.8	0.242	0.267873	900.035	40.8523	58.1701	0.00553826
-0.0526426	9.52078	7807.8	0.242	0.267709	900.057	40.8208	58.136	0.00580479
-0.0526302	9.74187	7807.8	0.242	0.267368	900.079	40.774	58.1017	0.00607751
-0.0526175	9.95946	7807.8	0.242	0.266158	900.101	40.7656	58.0556	0.00635204
-0.0526046	10.1641	7807.8	0.242	0.264648	900.125	40.9069	57.8999	0.00661577
-0.0525914	10.3622	7807.8	0.242	0.264484	900.148	40.9669	57.7975	0.00687617
-0.0525779	10.5555	7807.8	0.242	0.264588	900.172	40.9999	57.6829	0.0071351
-0.0525642	10.7559	7807.8	0.242	0.264953	900.197	41.0111	57.6073	0.00740852
-0.0525502	10.9568	7807.8	0.242	0.265024	900.221	41.0336	57.5221	0.00768793
-0.052536	11.1571	7807.8	0.242	0.264798	900.247	41.0608	57.4307	0.00797154
-0.0525215	11.354	7807.8	0.242	0.264336	900.273	41.0938	57.3364	0.00825538
-0.0525068	11.5456	7807.8	0.242	0.263992	900.299	41.1147	57.2539	0.00853638
-0.0524918	11.7338	7807.8	0.242	0.263022	900.326	41.1455	57.1605	0.00881697
-0.0524766	11.9083	7807.8	0.242	0.261682	900.353	41.174	57.0657	0.00908109
-0.0524612	12.0722	7807.8	0.242	0.26035	900.38	41.1875	56.9954	0.0093328
-0.0524456	12.225	7807.8	0.242	0.259065	900.408	41.1936	56.9258	0.00957053
-0.0524298	12.365	7807.8	0.242	0.257774	900.437	41.1983	56.8598	0.00979113
-0.0524138	12.4929	7807.8	0.242	0.256379	900.465	41.1991	56.7961	0.00999467
-0.0523977	12.6097	7807.8	0.242	0.255435	900.494	41.1819	56.7498	0.0101824
-0.0523815	12.722	7807.8	0.242	0.25472	900.523	41.1522	56.7198	0.0103646
-0.0523651	12.8254	7807.8	0.242	0.25364	900.553	41.1184	56.693	0.0105337
-0.0523485	12.9176	7807.8	0.242	0.252102	900.582	41.0939	56.6571	0.0106857
-0.0523319	12.9956	7807.8	0.242	0.250488	900.612	41.0982	56.5899	0.0108152
-0.0523152	13.058	7807.8	0.242	0.248704	900.642	41.141	56.4869	0.0109194
-0.0522984	13.1018	7807.8	0.242	0.246519	900.672	41.2238	56.3507	0.0109926
-0.0522816	13.1241	7807.8	0.242	0.244336	900.703	41.3342	56.1664	0.0110301
-0.0522648	13.1309	7807.8	0.242	0.24275	900.733	41.4	56.0497	0.0110416
-0.052248	13.1245	7807.8	0.242	0.241579	900.763	41.4597	55.918	0.0110307
-0.0522312	13.1087	7807.8	0.242	0.240718	900.794	41.4782	55.8385	0.0110042
-0.0522144	13.0873	7807.8	0.242	0.239717	900.824	41.4864	55.7723	0.0109684
-0.0521977	13.054	7807.8	0.242	0.238243	900.854	41.4829	55.7192	0.0109127
-0.052181	13.0067	7807.8	0.242	0.236831	900.884	41.4634	55.6897	0.0108337
-0.0521644	12.9483	7807.8	0.242	0.235494	900.914	41.4537	55.6382	0.0107367
-0.0521479	12.8762	7807.8	0.242	0.234123	900.944	41.4132	55.6106	0.0106174
-0.0521315	12.7929	7807.8	0.242	0.232622	900.974	41.3427	55.6235	0.0104804
-0.0521152	12.6959	7807.8	0.242	0.231196	901.003	41.2449	55.6685	0.0103222
-0.052099	12.5893	7807.8	0.242	0.230262	901.032	41.1625	55.6912	0.0101495
-0.052083	12.4711	7807.8	0.242	0.229319	901.061	41.0632	55.73	0.00995978
-0.0520671	12.3487	7807.8	0.242	0.228652	901.09	40.9332	55.8044	0.00976522
-0.0520514	12.2207	7807.8	0.242	0.228132	901.118	40.7887	55.898	0.00956393
-0.0520359	12.0882	7807.8	0.242	0.227683	901.147	40.628	56.0018	0.0093576
-0.0520206	11.9525	7807.8	0.242	0.227433	901.174	40.4518	56.1253	0.00914862
-0.0520054	11.8159	7807.8	0.242	0.227528	901.202	40.2692	56.2545	0.00894071
-0.0519904	11.6785	7807.8	0.242	0.227467	901.229	40.1007	56.3557	0.00873401
-0.0519756	11.5462	7807.8	0.242	0.228352	901.256	39.9528	56.4444	0.00853724
-0.0519609	11.4213	7807.8	0.242	0.229102	901.283	39.8234	56.5187	0.00835358
-0.0519464	11.3009	7807.8	0.242	0.229543	901.309	39.7159	56.5684	0.00817843
-0.051932	11.1853	7807.8	0.242	0.229795	901.335	39.6271	56.6009	0.00801193
-0.0519178	11.0688	7807.8	0.242	0.229697	901.361	39.5579	56.6124	0.00784582
-0.0519037	10.9522	7807.8	0.242	0.229422	901.386	39.4919	56.6234	0.00768147
-0.0518898	10.8301	7807.8	0.242	0.228906	901.411	39.4498	56.6021	0.0075111
-0.0518761	10.7039	7807.8	0.242	0.228212	901.436	39.4039	56.5904	0.00733713
-0.0518625	10.5695	7807.8	0.242	0.227264	901.461	39.3927	56.5427	0.00715398
-0.0518491	10.4248	7807.8	0.242	0.226336	901.485	39.3978	56.4604	0.00695944
-0.0518359	10.2763	7807.8	0.242	0.225679	901.509	39.3931	56.4068	0.00676257
-0.0518228	10.1226	7807.8	0.242	0.22542	901.533	39.3791	56.3651	0.00656184
-0.05181	9.96522	7807.8	0.242	0.225297	901.556	39.3622	56.3143	0.00635938
-0.0517974	9.81026	7807.8	0.242	0.22544	901.579	39.3357	56.2818	0.00616315
-0.051785	9.65603	7807.8	0.242	0.225472	901.602	39.3045	56.2526	0.00597088
-0.0517728	9.50266	7807.8	0.242	0.225625	901.624	39.2557	56.2404	0.00578272
-0.0517607	9.34976	7807.8	0.242	0.225873	901.646	39.1872	56.2532	0.00559813
-0.0517489	9.20132	7807.8	0.242	0.226097	901.667	39.1017	56.2824	0.00542177
-0.0517373	9.05431	7807.8	0.242	0.226261	901.689	39.0116	56.3172	0.00524991
-0.0517258	8.90641	7807.8	0.242	0.226049	901.709	38.9211	56.3509	0.00507981
-0.0517146	8.75651	7807.8	0.242	0.225598	901.73	38.8505	56.3608	0.00491025
-0.0517035	8.59884	7807.8	0.242	0.225065	901.75	38.8011	56.361	0.00473501
-0.0516926	8.44313	7807.8	0.242	0.22523	901.77	38.7151	56.4191	0.00456508
-0.051682	8.28749	7807.8	0.242	0.225207	901.789	38.6373	56.4411	0.00439832
-0.0516715	8.12869	7807.8	0.242	0.22464	901.808	38.5904	56.4354	0.00423139
-0.0516612	7.96252	7807.8	0.242	0.223753	901.827	38.563	56.4005	0.00406015
-0.0516512	7.78544	7807.8	0.242	0.223139	901.845	38.5526	56.3539	0.00388157
-0.0516414	7.60998	7807.8	0.242	0.223151	901.863	38.5733	56.2764	0.00370859
-0.0516318	7.43711	7807.8	0.242	0.223334	901.881	38.6254	56.1712	0.00354201
-0.0516225	7.26372	7807.8	0.242	0.223768	901.898	38.7073	56.0479	0.00337877
-0.0516133	7.09798	7807.8	0.242	0.224558	901.914	38.7851	55.909	0.00322635
-0.0516044	6.9442	7807.8	0.242	0.226367	901.931	38.8371	55.8008	0.00308806
-0.0515956	6.8078	7807.8	0.242	0.228052	901.947	38.8905	55.6918	0.00296794
-0.051587	6.68418	7807.8	0.242	0.229512	901.962	38.938	55.5883	0.00286113
-0.0515786	6.57389	7807.8	0.242	0.230651	901.978	38.9694	55.5031	0.00276749
-0.0515702	6.47006	7807.8	0.242	0.231121	901.993	38.9981	55.4207	0.00268076
-0.051562	6.36794	7807.8	0.242	0.23177	902.008	39.0482	55.3196	0.0025968
-0.051554	6.27756	7807.8	0.242	0.233268	902.022	39.0589	55.2536	0.00252362
-0.051546	6.20422	7807.8	0.242	0.235124	902.037	39.0646	55.1781	0.002465
-0.0515381	6.14329	7807.8	0.242	0.236995	902.051	39.1343	55.0778	0.00241682
-0.0515303	6.10434	7807.8	0.242	0.239229	902.065	39.3577	54.7998	0.00238626
-0.0515225	6.08398	7807.8	0.242	0.240864	902.079	39.427	54.6841	0.00237037
